ID,Name,Surname,Email,Group(s)
1,Kimberly,Henry,kimberly.henry@example.com,Math
2,Alex,Jones,alex.jones@example.com,Biology
3,Richard,Fisher,richard.fisher@example.com,Literature
4,Rebecca,Lopez,rebecca.lopez@example.com,Literature
5,Brian,Rojas,brian.rojas@example.com,Math
6,Christine,Miller,christine.miller@example.com,Literature
7,Jennifer,Savage,jennifer.savage@example.com,Physics
8,Christopher,Buckley,christopher.buckley@example.com,ComputerScience
9,Amanda,White,amanda.white@example.com,ComputerScience
10,Diana,Mcdonald,diana.mcdonald@example.com,ComputerScience,Literature
11,Melissa,Warren,melissa.warren@example.com,Biology
12,Mariah,Riley,mariah.riley@example.com,Math
13,William,Gutierrez,william.gutierrez@example.com,Physics
14,Elizabeth,Ramsey,elizabeth.ramsey@example.com,Biology
15,Christopher,Williams,christopher.williams@example.com,Literature
16,David,Armstrong,david.armstrong@example.com,Math
17,Joseph,Neal,joseph.neal@example.com,Math
18,John,Holloway,john.holloway@example.com,Math
19,Michael,Gutierrez,michael.gutierrez@example.com,Physics
20,Karen,Murphy,karen.murphy@example.com,Physics
21,Joseph,Stanley,joseph.stanley@example.com,Biology
22,Lauren,Gregory,lauren.gregory@example.com,Biology
23,Melissa,Warner,melissa.warner@example.com,Math
24,Brandi,Collier,brandi.collier@example.com,Literature
25,Kayla,Gordon,kayla.gordon@example.com,Physics
26,Kathleen,Vasquez,kathleen.vasquez@example.com,Biology
27,Elizabeth,Johnson,elizabeth.johnson@example.com,Literature
28,Brandon,Mccoy,brandon.mccoy@example.com,Literature,Biology
29,Derek,King,derek.king@example.com,Literature
30,Christopher,Werner,christopher.werner@example.com,ComputerScience,Math
31,Cynthia,Diaz,cynthia.diaz@example.com,Literature
32,Kimberly,Hamilton,kimberly.hamilton@example.com,Literature
33,John,Dixon,john.dixon@example.com,ComputerScience
34,Michael,Thornton,michael.thornton@example.com,Biology
35,Kevin,Sweeney,kevin.sweeney@example.com,Literature
36,Jason,Perez,jason.perez@example.com,Biology
37,Barbara,Curtis,barbara.curtis@example.com,Literature
38,Keith,Walker,keith.walker@example.com,Math
39,Darren,Proctor,darren.proctor@example.com,Biology
40,Kari,Holmes,kari.holmes@example.com,Physics
41,Lawrence,David,lawrence.david@example.com,Literature
42,Wendy,Hall,wendy.hall@example.com,Physics
43,Monica,Simon,monica.simon@example.com,Biology
44,Robert,Stone,robert.stone@example.com,Biology
45,Donna,Brown,donna.brown@example.com,Biology
46,Sherri,Wise,sherri.wise@example.com,Physics
47,Courtney,Bishop,courtney.bishop@example.com,Math
48,Michael,Ray,michael.ray@example.com,ComputerScience
49,Suzanne,Marshall,suzanne.marshall@example.com,Literature
50,Joseph,Edwards,joseph.edwards@example.com,Biology
51,Amanda,Gonzales,amanda.gonzales@example.com,Literature
52,Robert,Fisher,robert.fisher@example.com,Literature
53,Anthony,Vega,anthony.vega@example.com,ComputerScience
54,Barry,Brooks,barry.brooks@example.com,ComputerScience,Biology
55,Karen,Rodriguez,karen.rodriguez@example.com,Physics
56,Christine,Mooney,christine.mooney@example.com,Literature
57,Christopher,Ortega,christopher.ortega@example.com,Literature,Physics
58,Krista,Christian,krista.christian@example.com,ComputerScience
59,Debbie,Myers,debbie.myers@example.com,Physics
60,Isabel,Melton,isabel.melton@example.com,Biology
61,Donald,Santana,donald.santana@example.com,Physics
62,Sean,Jensen,sean.jensen@example.com,Literature,ComputerScience
63,Rhonda,Lee,rhonda.lee@example.com,Biology,Math
64,Kelly,Wilcox,kelly.wilcox@example.com,Biology
65,Shannon,Young,shannon.young@example.com,ComputerScience
66,Maria,Campbell,maria.campbell@example.com,Biology
67,Jennifer,Pineda,jennifer.pineda@example.com,Biology,Physics
68,Krystal,Burgess,krystal.burgess@example.com,Physics
69,Jason,Reed,jason.reed@example.com,Math,ComputerScience
70,James,Edwards,james.edwards@example.com,Math,Literature
71,Robert,Rios,robert.rios@example.com,ComputerScience
72,Jonathan,Williams,jonathan.williams@example.com,Physics
73,Kathleen,Scott,kathleen.scott@example.com,ComputerScience
74,Mary,Weaver,mary.weaver@example.com,Physics
75,Cynthia,Beasley,cynthia.beasley@example.com,Math
76,Sherri,Thornton,sherri.thornton@example.com,Literature
77,Dennis,Hoffman,dennis.hoffman@example.com,Biology
78,Brooke,Hunter,brooke.hunter@example.com,Literature
79,Logan,Bell,logan.bell@example.com,Literature
80,Michelle,Winters,michelle.winters@example.com,Biology,Math
81,Daniel,Meyer,daniel.meyer@example.com,Biology
82,Jennifer,Webb,jennifer.webb@example.com,Physics
83,Pamela,Young,pamela.young@example.com,Literature,Biology
84,Jerry,Gill,jerry.gill@example.com,Physics,Literature
85,Jonathan,Smith,jonathan.smith@example.com,ComputerScience
86,Christopher,Cox,christopher.cox@example.com,Literature,Biology
87,Michele,Warren,michele.warren@example.com,Physics
88,Carly,Young,carly.young@example.com,ComputerScience
89,Darius,Middleton,darius.middleton@example.com,Literature,Biology
90,James,Curtis,james.curtis@example.com,Biology,Literature
91,David,Hodges,david.hodges@example.com,Physics,Biology
92,Tina,Bartlett,tina.bartlett@example.com,Math,Literature
93,Jennifer,Robbins,jennifer.robbins@example.com,ComputerScience,Math
94,Misty,Bryant,misty.bryant@example.com,Physics
95,Jennifer,Martinez,jennifer.martinez@example.com,Biology,ComputerScience
96,Jesse,Rodriguez,jesse.rodriguez@example.com,Literature
97,Ricardo,Townsend,ricardo.townsend@example.com,ComputerScience
98,Emily,Collins,emily.collins@example.com,ComputerScience
99,Steve,Sanchez,steve.sanchez@example.com,Biology,Literature
100,Matthew,Henderson,matthew.henderson@example.com,Math
101,Anthony,Cruz,anthony.cruz@example.com,Math
102,Jodi,Shaw,jodi.shaw@example.com,Math
103,Laura,Romero,laura.romero@example.com,Biology
104,Karen,James,karen.james@example.com,Math,Physics
105,Diane,Duffy,diane.duffy@example.com,Biology
106,Makayla,Fuller,makayla.fuller@example.com,Math
107,Gregory,Hudson,gregory.hudson@example.com,ComputerScience,Literature
108,Sherri,Carter,sherri.carter@example.com,Physics
109,Richard,Soto,richard.soto@example.com,Biology,Literature
110,Joshua,Mclean,joshua.mclean@example.com,Literature
111,Clarence,Abbott,clarence.abbott@example.com,Physics
112,Sarah,Moody,sarah.moody@example.com,Literature
113,Brenda,Walsh,brenda.walsh@example.com,ComputerScience
114,Charles,Mcpherson,charles.mcpherson@example.com,Biology
115,Ryan,Duran,ryan.duran@example.com,Math,Physics
116,Jeffery,Thompson,jeffery.thompson@example.com,ComputerScience
117,Christopher,Callahan,christopher.callahan@example.com,Math
118,Jessica,Vasquez,jessica.vasquez@example.com,Literature
119,Cynthia,Morgan,cynthia.morgan@example.com,Math
120,Jessica,Dudley,jessica.dudley@example.com,Physics
121,Janice,Johnson,janice.johnson@example.com,Physics
122,Paul,Parker,paul.parker@example.com,Math
123,Barbara,Weber,barbara.weber@example.com,Biology
124,Stephanie,Rosario,stephanie.rosario@example.com,Biology
125,Robert,Edwards,robert.edwards@example.com,Physics
126,Jose,Hayes,jose.hayes@example.com,Physics
127,John,Cunningham,john.cunningham@example.com,Literature
128,Bradley,Moore,bradley.moore@example.com,Biology
129,Michael,Butler,michael.butler@example.com,ComputerScience
130,Julie,Thompson,julie.thompson@example.com,Physics
131,Dawn,Evans,dawn.evans@example.com,Math
132,Donna,Woods,donna.woods@example.com,Biology
133,Nathan,Mueller,nathan.mueller@example.com,Literature
134,Kathy,Gordon,kathy.gordon@example.com,Physics
135,Maria,Castillo,maria.castillo@example.com,Literature
136,Elizabeth,Avila,elizabeth.avila@example.com,Math,Literature
137,Alexis,Rodriguez,alexis.rodriguez@example.com,ComputerScience
138,Tricia,Coleman,tricia.coleman@example.com,ComputerScience,Physics
139,Donald,Morgan,donald.morgan@example.com,Literature
140,Ronnie,Chaney,ronnie.chaney@example.com,Literature
141,Erin,Willis,erin.willis@example.com,Math,Physics
142,William,Adams,william.adams@example.com,Physics,ComputerScience
143,Lee,Stevens,lee.stevens@example.com,Biology
144,Caitlin,Martinez,caitlin.martinez@example.com,ComputerScience
145,Richard,Mann,richard.mann@example.com,Biology,ComputerScience
146,Misty,Shepherd,misty.shepherd@example.com,Biology
147,Timothy,Jackson,timothy.jackson@example.com,Literature
148,Brent,Russell,brent.russell@example.com,Physics
149,Brent,Edwards,brent.edwards@example.com,ComputerScience
150,Jerry,Burns,jerry.burns@example.com,Physics
